{
  "accuracy": 0.7456484432458936,
  "precision": 0.20358974358974358,
  "recall": 0.4319912948857454,
  "f1_score": 0.2767514813523876,
  "micro_f1_score": 0.7456484432458936,
  "macro_f1_score": 0.561220984968601,
  "weighted_f1_score": 0.7815994187580677,
  "auc_roc": 0.66923301588046
}