{
  "accuracy": 0.4439813679823486,
  "precision": 0.1544047391553602,
  "recall": 0.8792165397170838,
  "f1_score": 0.2626788036410923,
  "micro_f1_score": 0.4439813679823486,
  "macro_f1_score": 0.4081989059527776,
  "weighted_f1_score": 0.5209332828355737,
  "auc_roc": 0.7437618383435992
}