{
  "accuracy": 0.44042657514096595,
  "precision": 0.15342205323193916,
  "recall": 0.8781284004352558,
  "f1_score": 0.26120731509953066,
  "micro_f1_score": 0.44042657514096595,
  "macro_f1_score": 0.4054384212865711,
  "weighted_f1_score": 0.5171742132824151,
  "auc_roc": 0.7434512098277961
}