{
  "model__colsample_bytree": 0.7258514849686657,
  "model__learning_rate": 0.005,
  "model__max_depth": 4,
  "model__n_estimators": 907,
  "model__num_leaves": 100,
  "model__reg_alpha": 0.45121374151167853,
  "model__reg_lambda": 0.011252535011219924,
  "model__subsample": 0.9333218021175945
}