{
  "accuracy": 0.48198087766609465,
  "precision": 0.1609596063153578,
  "recall": 0.8541893362350381,
  "f1_score": 0.27087646652864045,
  "micro_f1_score": 0.48198087766609465,
  "macro_f1_score": 0.43458271995633546,
  "weighted_f1_score": 0.5614059023126766,
  "auc_roc": 0.7425250362976148
}