{
  "accuracy": 0.4434910517283648,
  "precision": 0.1544187822103455,
  "recall": 0.8803046789989118,
  "f1_score": 0.26274764533939593,
  "micro_f1_score": 0.4434910517283648,
  "macro_f1_score": 0.4079046358218933,
  "weighted_f1_score": 0.5203577100863432,
  "auc_roc": 0.7409430329999771
}