{
  "accuracy": 0.5166707526354498,
  "precision": 0.16827555945590172,
  "recall": 0.8346028291621328,
  "f1_score": 0.28008033595033777,
  "micro_f1_score": 0.5166707526354498,
  "macro_f1_score": 0.4581506947765343,
  "weighted_f1_score": 0.5961017450071744,
  "auc_roc": 0.7509051668352463
}