{
  "accuracy": 0.44140720764893354,
  "precision": 0.15405096995055154,
  "recall": 0.8813928182807399,
  "f1_score": 0.26226323457989315,
  "micro_f1_score": 0.44140720764893354,
  "macro_f1_score": 0.4064053129206794,
  "weighted_f1_score": 0.518072135072404,
  "auc_roc": 0.7474314336216248
}