{
  "accuracy": 0.440181417013974,
  "precision": 0.15296803652968036,
  "recall": 0.8748639825897715,
  "f1_score": 0.26040485829959514,
  "micro_f1_score": 0.440181417013974,
  "macro_f1_score": 0.40502739710167607,
  "weighted_f1_score": 0.5170664318196402,
  "auc_roc": 0.7433027725380041
}