{
  "accuracy": 0.33672468742338807,
  "precision": 0.13515269655620532,
  "recall": 0.9053318824809575,
  "f1_score": 0.23519434628975264,
  "micro_f1_score": 0.33672468742338807,
  "macro_f1_score": 0.3248258280523539,
  "weighted_f1_score": 0.394263308407789,
  "auc_roc": 0.7212501020271498
}