{
  "accuracy": 0.4344202010296641,
  "precision": 0.14641148325358852,
  "recall": 0.8324265505984766,
  "f1_score": 0.2490234375,
  "micro_f1_score": 0.4344202010296641,
  "macro_f1_score": 0.3977126625172041,
  "weighted_f1_score": 0.5129021577499486,
  "auc_roc": 0.7158762963460676
}