{
  "accuracy": 0.4355234126011277,
  "precision": 0.15213288033220082,
  "recall": 0.8770402611534276,
  "f1_score": 0.2592890461637446,
  "micro_f1_score": 0.4355234126011277,
  "macro_f1_score": 0.4016516525006266,
  "weighted_f1_score": 0.5119399182580542,
  "auc_roc": 0.7447865441709541
}