{
  "accuracy": 0.36871782299583233,
  "precision": 0.1365744717402508,
  "recall": 0.8650707290533188,
  "f1_score": 0.23590504451038577,
  "micro_f1_score": 0.36871782299583233,
  "macro_f1_score": 0.3490511020379832,
  "weighted_f1_score": 0.4367053167443347,
  "auc_roc": 0.7158762963460676
}