{
  "accuracy": 0.42620740377543515,
  "precision": 0.15140845070422534,
  "recall": 0.8890097932535365,
  "f1_score": 0.2587490102929533,
  "micro_f1_score": 0.42620740377543515,
  "macro_f1_score": 0.39534790780621065,
  "weighted_f1_score": 0.5011710301749023,
  "auc_roc": 0.7470267822959332
}