{
  "accuracy": 0.4886001470948762,
  "precision": 0.16206108456264284,
  "recall": 0.8487486398258978,
  "f1_score": 0.2721563154221912,
  "micro_f1_score": 0.4886001470948762,
  "macro_f1_score": 0.4389882106211485,
  "weighted_f1_score": 0.5682328266615273,
  "auc_roc": 0.7409430329999771
}