{
  "accuracy": 0.45096837460161804,
  "precision": 0.15570599613152805,
  "recall": 0.8759521218715995,
  "f1_score": 0.2644112333716538,
  "micro_f1_score": 0.45096837460161804,
  "macro_f1_score": 0.4132264439078861,
  "weighted_f1_score": 0.5285135400820695,
  "auc_roc": 0.7506498546968039
}