{
  "accuracy": 0.5095611669526845,
  "precision": 0.16514558887440242,
  "recall": 0.8269858541893362,
  "f1_score": 0.27531244339793515,
  "micro_f1_score": 0.5095611669526845,
  "macro_f1_score": 0.4523389451820616,
  "weighted_f1_score": 0.589481319694893,
  "auc_roc": 0.7437618383435992
}