{
  "accuracy": 0.44410394704584455,
  "precision": 0.1549618320610687,
  "recall": 0.8835690968443961,
  "f1_score": 0.26367916869621694,
  "micro_f1_score": 0.44410394704584455,
  "macro_f1_score": 0.4085945316750751,
  "weighted_f1_score": 0.520860417189464,
  "auc_roc": 0.7509051668352463
}