{
  "accuracy": 0.4372395194900711,
  "precision": 0.15266742338251987,
  "recall": 0.8781284004352558,
  "f1_score": 0.26011281224818694,
  "micro_f1_score": 0.4372395194900711,
  "macro_f1_score": 0.40302643876181476,
  "weighted_f1_score": 0.5137415796745541,
  "auc_roc": 0.7425250362976148
}